net,train-epo,bestdice,bestepo,bestacc,lr,lr_mode,lastloss,batchsize,crop_height,crop_width,num_epochs,scheduler,momentum,weight_decay,num_classes
Resunet,1,0.08700702298453972,1,0.8270507635072221,0.01,poly,0.7087932250329426,1,256,512,2,,0.9,0.0001,2
Resunet,2,0.5042428507101664,1,0.8042850050815317,0.01,poly,0.7051655437265124,1,256,512,2,,0.9,0.0001,2
Resunet,3,0.08700271885750005,1,0.8315270002498183,0.01,poly,0.8838097197668893,1,256,512,2,,0.9,0.0001,2
Resunet,4,0.41314115281421143,1,0.8267078843227652,0.01,poly,0.6902285218238831,1,256,512,2,,0.9,0.0001,2
Resunet,5,0.11329399543430205,1,0.8270984915799873,0.01,poly,0.6866314538887569,1,256,512,2,,0.9,0.0001,2
